{"actor_loss": 2.9829254150390625, "critic_loss": 443.0502624511719, "_timestamp": 1719509019.6402376, "_runtime": 146.4460506439209, "_step": 446, "episode_rewards": -547.8400865197182, "_wandb": {"runtime": 146}}