{"actor_loss": 9.39626693725586, "critic_loss": 7565.95361328125, "_timestamp": 1719507237.6618934, "_runtime": 171.58152747154236, "_step": 431, "_wandb": {"runtime": 171}}