{"actor_loss": 8.087458610534668, "critic_loss": 759.4652099609375, "_timestamp": 1719258508.8548985, "_runtime": 1057.9360325336456, "_step": 11599, "episode_rewards": -1296.972865819931, "_wandb": {"runtime": 1057}}