{"actor_loss": 5.573521614074707, "critic_loss": 3309.3544921875, "_timestamp": 1719242828.780506, "_runtime": 44.166377782821655, "_step": 109}