{"actor_loss": 7.735167980194092, "critic_loss": 2805.82421875, "episode_reward": -230.64265823364258, "_timestamp": 1719243109.685268, "_runtime": 214.99240589141846, "_step": 1999, "_wandb": {"runtime": 214}}