{"actor_loss": 8.183123588562012, "critic_loss": 10.402184987696819, "_timestamp": 1719588827.685338, "_runtime": 305.6820459365845, "_step": 1508, "episode_rewards": -1054.6945786476135}