{"actor_loss": 6.187788009643555, "critic_loss": 29445.075561523438, "_timestamp": 1719522109.6844895, "_runtime": 5.303240537643433, "_step": 0, "_wandb": {"runtime": 4}}