{"actor_loss": 4.817404747009277, "critic_loss": 489.8048095703125, "_timestamp": 1719519223.830286, "_runtime": 392.4877939224243, "_step": 676, "episode_rewards": -756.2216194868088}