{"data": {"actor_loss": 6.293799877166748, "critic_loss": 3261.01904296875}, "step": 163840, "_timestamp": 1719518634.203843, "_runtime": 57.45608901977539, "_step": 91}