{"actor_loss": 8.351078033447266, "critic_loss": 1092.76824092865, "_timestamp": 1719522153.1028206, "_runtime": 28.6011905670166, "_step": 36, "episode_rewards": -1159.526258945465}