{"actor_loss": 5.378649711608887, "critic_loss": 1432.8809814453125, "_timestamp": 1719241507.9938405, "_runtime": 211.1153483390808, "_step": 1999, "_wandb": {"runtime": 210}}